mean,std,skewness,kurtosis,peak_to_peak,rms,sk_mean,sk_std,sk_skewness,sk_kurtosis,sk_peak_to_peak,sk_area,sk_area_positive,sk_max
0.2616591190186811,2.418413560405698,-3.9630250338003804e-05,3.3697034141972573,26.56393337,2.4325274189040087,0.03618532204796236,0.16817753338475377,2.1434036511390424,17.927288919657492,1.5151335685154863,1652.3635698451662,2371.1714984968653,0.9438211946815427
