{
  "num_files": 20,
  "rul_raw_min": -5.549188616831088,
  "rul_raw_max": 27.89846496941857,
  "rul_raw_mean": 11.477514731804149,
  "health_score_mean": 0.23817310869936206
}