method,accuracy,macro_f1,class_0_f1,class_1_f1
sensor1,0.9775,0.9774886036055753,0.9769820971867008,0.9779951100244498
sensor2,0.545,0.42621141902329834,0.6872852233676976,0.1651376146788991
majority_vote,0.5575,0.4497594640595006,0.6932409012131716,0.2062780269058296
weighted_vote,0.5575,0.4497594640595006,0.6932409012131716,0.2062780269058296
